{"ref": {"end_gt": [141.8407440185547, 9.496679306030273, 0.0], "status": "completed", "traj": [[50.0, 50.0, 0.0], [50.08501434326172, 50.0, 0.0], [50.47002410888672, 50.0, 0.0], [51.240779876708984, 50.0, 0.0], [52.40888977050781, 50.0, 0.0], [57.03541564941406, 50.0, 0.0], [59.194618225097656, 50.0, 0.0], [62.409996032714844, 50.0, 0.0], [65.78174591064453, 50.0, 0.0], [69.5126953125, 50.0, 0.0], [73.48599243164062, 50.0, 0.0], [77.46417999267578, 50.0, 0.0], [81.85598754882812, 50.0, 0.0], [85.54995727539062, 50.0, 0.0], [88.8416748046875, 50.0, 0.0], [91.7345199584961, 50.0, 0.0], [94.2200927734375, 50.0, 0.0], [96.31022644042969, 50.0, 0.0], [98.00930786132812, 50.0, 0.0], [99.41857147216797, 50.0, 0.0], [100.28621673583984, 50.0, 0.0], [100.76399993896484, 50.0, 0.0], [100.89344024658203, 50.0, 0.0], [100.88211822509766, 50.0, 0.0], [100.8750991821289, 49.944610595703125, 0.0], [100.87236785888672, 49.64049530029297, 0.0], [100.87151336669922, 49.079071044921875, 0.0], [100.87120056152344, 48.25309371948242, 0.0], [100.87109375, 47.16901397705078, 0.0], [100.87106323242188, 45.8277473449707, 0.0], [100.87106323242188, 44.22941589355469, 0.0], [100.87106323242188, 42.17329025268555, 0.0], [100.87106323242188, 40.03242874145508, 0.0], [100.87106323242188, 37.6840934753418, 0.0], [100.87106323242188, 35.24788284301758, 0.0], [100.87106323242188, 32.7796745300293, 0.0], [100.87106323242188, 30.300325393676758, 0.0], [100.87106323242188, 27.80872344970703, 0.0], [100.87106323242188, 25.078012466430664, 0.0], [100.87106323242188, 22.591766357421875, 0.0], [100.87106323242188, 20.142650604248047, 0.0], [100.87106323242188, 17.878820419311523, 0.0], [100.87106323242188, 15.884559631347656, 0.0], [100.87106323242188, 14.177837371826172, 0.0], [100.87106323242188, 12.603760719299316, 0.0], [100.87106323242188, 11.445158958435059, 0.0], [100.87106323242188, 10.562405586242676, 0.0], [100.87106323242188, 9.946465492248535, 0.0], [100.87106323242188, 9.591949462890625, 0.0], [100.87106323242188, 9.489813804626465, 0.0], [100.92679595947266, 9.494013786315918, 0.0], [101.26019287109375, 9.495702743530273, 0.0], [102.06420135498047, 9.496355056762695, 0.0], [103.20980072021484, 9.496563911437988, 0.0], [104.74319458007812, 9.4966402053833, 0.0], [106.66259002685547, 9.496667861938477, 0.0], [108.97054290771484, 9.496678352355957, 0.0], [111.95868682861328, 9.496679306030273, 0.0], [115.08314514160156, 9.496679306030273, 0.0], [118.5895004272461, 9.496679306030273, 0.0], [122.40618896484375, 9.496679306030273, 0.0], [126.10560607910156, 9.496679306030273, 0.0], [129.44615173339844, 9.496679306030273, 0.0], [132.3822021484375, 9.496679306030273, 0.0], [135.14437866210938, 9.496679306030273, 0.0], [137.24061584472656, 9.496679306030273, 0.0], [138.94692993164062, 9.496679306030273, 0.0], [140.26455688476562, 9.496679306030273, 0.0], [141.1788330078125, 9.496679306030273, 0.0], [141.69851684570312, 9.496679306030273, 0.0], [141.84344482421875, 9.496679306030273, 0.0], [141.8407440185547, 9.496679306030273, 0.0]]}, "baseline": {"end_gt": [153.61753845214844, 8.999990463256836, 0.0], "status": "completed", "traj": [[50.0, 50.0, 0.0], [50.08559036254883, 50.0, 0.0], [50.478050231933594, 50.0, 0.0], [51.27735137939453, 50.0, 0.0], [52.490928649902344, 50.0, 0.0], [57.6052131652832, 50.0, 0.0], [60.11819076538086, 50.0, 0.0], [63.29594421386719, 50.0, 0.0], [66.92878723144531, 50.0, 0.0], [70.83590698242188, 50.0, 0.0], [74.98783111572266, 50.0, 0.0], [78.87303924560547, 50.0, 0.0], [83.3255386352539, 50.0, 0.0], [87.3485336303711, 50.0, 0.0], [91.07783508300781, 50.0, 0.0], [94.41325378417969, 50.0, 0.0], [97.32866668701172, 50.0, 0.0], [99.8190689086914, 50.0, 0.0], [101.87908172607422, 50.0, 0.0], [103.5121841430664, 50.0, 0.0], [104.83496856689453, 50.0, 0.0], [105.59794616699219, 50.0, 0.0], [105.96768188476562, 50.0, 0.0], [106.17725372314453, 50.0, 0.0], [106.33709716796875, 50.0, 0.0], [106.47863006591797, 50.0, 0.0], [106.61343383789062, 50.0, 0.0], [106.74581909179688, 50.0, 0.0], [106.87722778320312, 50.0, 0.0], [107.02141571044922, 50.0, 0.0], [107.15234375, 50.0, 0.0], [107.28318786621094, 50.0, 0.0], [107.41413116455078, 50.0, 0.0], [107.51604461669922, 50.0, 0.0], [107.60240936279297, 50.0, 0.0], [107.67863464355469, 50.0, 0.0], [107.71342468261719, 49.998748779296875, 0.0], [107.72444152832031, 49.90573501586914, 0.0], [107.72850799560547, 49.584293365478516, 0.0], [107.7300033569336, 48.974342346191406, 0.0], [107.73054504394531, 48.07809829711914, 0.0], [107.73074340820312, 46.89866638183594, 0.0], [107.73081970214844, 45.44057083129883, 0.0], [107.73082733154297, 43.678321838378906, 0.0], [107.73082733154297, 41.62329864501953, 0.0], [107.73082733154297, 39.140445709228516, 0.0], [107.73082733154297, 36.722503662109375, 0.0], [107.73082733154297, 34.260597229003906, 0.0], [107.73082733154297, 31.782669067382812, 0.0], [107.73082733154297, 29.29903221130371, 0.0], [107.73082733154297, 26.813190460205078, 0.0], [107.73082733154297, 24.298009872436523, 0.0], [107.73082733154297, 21.59088897705078, 0.0], [107.73082733154297, 19.10386848449707, 0.0], [107.73082733154297, 16.621845245361328, 0.0], [107.73082733154297, 14.287181854248047, 0.0], [107.73082733154297, 12.218276023864746, 0.0], [107.73082733154297, 10.450053215026855, 0.0], [107.73082733154297, 9.0, 0.0], [107.73082733154297, 9.0, 0.0], [107.73082733154297, 9.0, 0.0], [107.73082733154297, 9.0, 0.0], [107.73082733154297, 9.0, 0.0], [107.73082733154297, 9.0, 0.0], [107.73082733154297, 9.0, 0.0], [107.73082733154297, 9.0, 0.0], [107.73082733154297, 9.0, 0.0], [107.73082733154297, 9.0, 0.0], [107.73082733154297, 9.0, 0.0], [107.73082733154297, 9.0, 0.0], [107.73082733154297, 9.0, 0.0], [107.73082733154297, 9.0, 0.0], [107.73082733154297, 9.0, 0.0], [107.73082733154297, 9.0, 0.0], [107.73082733154297, 9.0, 0.0], [107.73446655273438, 9.0, 0.0], [107.8726806640625, 8.999999046325684, 0.0], [108.36599731445312, 9.0, 0.0], [109.31570434570312, 9.0, 0.0], [110.65751647949219, 9.0, 0.0], [112.41970825195312, 9.0, 0.0], [114.60311889648438, 9.0, 0.0], [117.1951904296875, 9.0, 0.0], [120.20372009277344, 9.0, 0.0], [123.64109802246094, 8.999992370605469, 0.0], [127.83255767822266, 8.999990463256836, 0.0], [131.804443359375, 8.999990463256836, 0.0], [135.7174072265625, 8.999990463256836, 0.0], [139.3042449951172, 8.999990463256836, 0.0], [142.47959899902344, 8.999990463256836, 0.0], [145.23338317871094, 8.999990463256836, 0.0], [147.56651306152344, 8.999990463256836, 0.0], [149.6595001220703, 8.999990463256836, 0.0], [151.11941528320312, 8.999990463256836, 0.0], [152.170166015625, 8.999990463256836, 0.0], [152.81410217285156, 8.999990463256836, 0.0], [153.08544921875, 8.999990463256836, 0.0], [153.20187377929688, 8.999990463256836, 0.0], [153.313232421875, 8.999990463256836, 0.0], [153.4342041015625, 8.999990463256836, 0.0], [153.52880859375, 8.999990463256836, 0.0], [153.6133270263672, 8.999990463256836, 0.0], [153.61753845214844, 8.999990463256836, 0.0]]}, "absolute": {"end_gt": [138.09088134765625, 10.293603897094727, 0.0], "status": "completed",